{"cameraMode":{"drawMode":0,"name":"Shaded","section":"Shading Mode"},"sceneLighting":false,"audioPlay":false,"sceneViewState":{"showFog":true,"showMaterialUpdate":false,"showSkybox":false,"showFlares":true,"showImageEffects":true,"showParticleSystems":true},"in2DMode":false,"pivot":{"x":89.0,"y":51.176002502441409,"z":244.8000030517578},"rotation":{"x":-0.00007411285332636908,"y":0.9991999864578247,"z":0.04018052667379379,"w":0.0018000855343416334},"size":1.4142135381698609,"orthographic":false}