{"cameraMode":{"drawMode":0,"name":"Shaded","section":"Shading Mode"},"sceneLighting":false,"audioPlay":false,"sceneViewState":{"showFog":true,"showMaterialUpdate":false,"showSkybox":false,"showFlares":true,"showImageEffects":true,"showParticleSystems":true},"in2DMode":false,"pivot":{"x":113.33891296386719,"y":41.72704315185547,"z":246.60350036621095},"rotation":{"x":0.10078846663236618,"y":-0.4566829204559326,"z":0.0521128885447979,"w":0.882459819316864},"size":4.915935516357422,"orthographic":false}