{"cameraMode":{"drawMode":0,"name":"Shaded","section":"Shading Mode"},"sceneLighting":false,"audioPlay":false,"sceneViewState":{"showFog":true,"showMaterialUpdate":false,"showSkybox":false,"showFlares":true,"showImageEffects":true,"showParticleSystems":true},"in2DMode":false,"pivot":{"x":0.24919244647026063,"y":-0.0804496556520462,"z":-0.08765934407711029},"rotation":{"x":-0.03754962980747223,"y":-0.957073986530304,"z":0.24827565252780915,"w":-0.14495085179805757},"size":4.766038417816162,"orthographic":false}