{"cameraMode":{"drawMode":0,"name":"Shaded","section":"Shading Mode"},"sceneLighting":true,"audioPlay":false,"sceneViewState":{"showFog":true,"showMaterialUpdate":false,"showSkybox":true,"showFlares":true,"showImageEffects":true,"showParticleSystems":true},"in2DMode":false,"pivot":{"x":144.18719482421876,"y":74.163330078125,"z":286.5041809082031},"rotation":{"x":0.2308049350976944,"y":0.09324172139167786,"z":-0.022220635786652566,"w":0.9682757258415222},"size":78.0831298828125,"orthographic":true}