{"cameraMode":{"drawMode":0,"name":"Shaded","section":"Shading Mode"},"sceneLighting":false,"audioPlay":false,"sceneViewState":{"showFog":true,"showMaterialUpdate":false,"showSkybox":false,"showFlares":true,"showImageEffects":true,"showParticleSystems":true},"in2DMode":false,"pivot":{"x":39.13999938964844,"y":1.829071044921875,"z":20.139982223510743},"rotation":{"x":0.08190648257732392,"y":-0.8800782561302185,"z":0.1645006239414215,"w":0.43789151310920718},"size":10.0,"orthographic":false}