{"cameraMode":{"drawMode":0,"name":"Shaded","section":"Shading Mode"},"sceneLighting":true,"audioPlay":false,"sceneViewState":{"showFog":true,"showMaterialUpdate":false,"showSkybox":true,"showFlares":true,"showImageEffects":true,"showParticleSystems":true},"in2DMode":false,"pivot":{"x":158.65731811523438,"y":273.51348876953127,"z":-81.04951477050781},"rotation":{"x":0.22180485725402833,"y":0.17563307285308839,"z":-0.04047930985689163,"w":0.9583572745323181},"size":42.80369567871094,"orthographic":false}