{"cameraMode":{"drawMode":0,"name":"Shaded","section":"Shading Mode"},"sceneLighting":false,"audioPlay":false,"sceneViewState":{"showFog":true,"showMaterialUpdate":false,"showSkybox":false,"showFlares":true,"showImageEffects":true,"showParticleSystems":true},"in2DMode":false,"pivot":{"x":-1.7361418008804322,"y":0.4735068380832672,"z":0.2594888210296631},"rotation":{"x":0.05928916111588478,"y":-0.9399422407150269,"z":0.25740376114845278,"w":0.2163066267967224},"size":2.3430867195129396,"orthographic":false}