{"cameraMode":{"drawMode":0,"name":"Shaded","section":"Shading Mode"},"sceneLighting":true,"audioPlay":false,"sceneViewState":{"showFog":true,"showMaterialUpdate":false,"showSkybox":true,"showFlares":true,"showImageEffects":true,"showParticleSystems":true},"in2DMode":false,"pivot":{"x":343.7978820800781,"y":116.53560638427735,"z":360.9649658203125},"rotation":{"x":-0.03473769873380661,"y":0.22970013320446015,"z":0.008167032152414322,"w":0.9726517200469971},"size":303.9274597167969,"orthographic":false}