{"cameraMode":{"drawMode":0,"name":"Shaded","section":"Shading Mode"},"sceneLighting":false,"audioPlay":false,"sceneViewState":{"showFog":true,"showMaterialUpdate":false,"showSkybox":false,"showFlares":true,"showImageEffects":true,"showParticleSystems":true},"in2DMode":false,"pivot":{"x":-31.38083267211914,"y":98.1507568359375,"z":-56.485652923583987},"rotation":{"x":0.05037333071231842,"y":0.1876247078180313,"z":-0.009635461494326592,"w":0.9809027910232544},"size":3.8681061267852785,"orthographic":false}