{"cameraMode":{"drawMode":0,"name":"Shaded","section":"Shading Mode"},"sceneLighting":false,"audioPlay":false,"sceneViewState":{"showFog":true,"showMaterialUpdate":false,"showSkybox":false,"showFlares":true,"showImageEffects":true,"showParticleSystems":true},"in2DMode":false,"pivot":{"x":88.99744415283203,"y":41.400001525878909,"z":247.4010009765625},"rotation":{"x":-0.22450906038284303,"y":0.7504235506057739,"z":-0.31401386857032778,"w":-0.5365256667137146},"size":5.787508487701416,"orthographic":false}