{"cameraMode":{"drawMode":0,"name":"Shaded","section":"Shading Mode"},"sceneLighting":false,"audioPlay":false,"sceneViewState":{"showFog":true,"showMaterialUpdate":false,"showSkybox":false,"showFlares":true,"showImageEffects":true,"showParticleSystems":true},"in2DMode":false,"pivot":{"x":89.30062866210938,"y":42.38512420654297,"z":255.72132873535157},"rotation":{"x":0.11087945103645325,"y":-0.06017947942018509,"z":0.0067486995831131939,"w":0.9920345544815064},"size":3.6401467323303224,"orthographic":false}