{"cameraMode":{"drawMode":0,"name":"Shaded","section":"Shading Mode"},"sceneLighting":true,"audioPlay":false,"sceneViewState":{"showFog":true,"showMaterialUpdate":false,"showSkybox":true,"showFlares":true,"showImageEffects":true,"showParticleSystems":true},"in2DMode":false,"pivot":{"x":185.04940795898438,"y":45.07231140136719,"z":404.6424255371094},"rotation":{"x":0.05037333071231842,"y":0.1876247078180313,"z":-0.009635461494326592,"w":0.9809027910232544},"size":124.4483642578125,"orthographic":false}