{"cameraMode":{"drawMode":0,"name":"Shaded","section":"Shading Mode"},"sceneLighting":false,"audioPlay":false,"sceneViewState":{"showFog":true,"showMaterialUpdate":false,"showSkybox":false,"showFlares":true,"showImageEffects":true,"showParticleSystems":true},"in2DMode":false,"pivot":{"x":88.99992370605469,"y":41.400001525878909,"z":247.4010009765625},"rotation":{"x":0.05037333071231842,"y":0.1876247078180313,"z":-0.009635461494326592,"w":0.9809027910232544},"size":8.73908805847168,"orthographic":false}