{"cameraMode":{"drawMode":0,"name":"Shaded","section":"Shading Mode"},"sceneLighting":false,"audioPlay":false,"sceneViewState":{"showFog":true,"showMaterialUpdate":false,"showSkybox":false,"showFlares":true,"showImageEffects":true,"showParticleSystems":true},"in2DMode":false,"pivot":{"x":327.7129821777344,"y":359.7355041503906,"z":2.078216552734375},"rotation":{"x":-0.0041904025711119179,"y":0.005995225626975298,"z":0.00002512419996492099,"w":0.9999738335609436},"size":226.96714782714845,"orthographic":false}