{"cameraMode":{"drawMode":0,"name":"Shaded","section":"Shading Mode"},"sceneLighting":false,"audioPlay":false,"sceneViewState":{"showFog":true,"showMaterialUpdate":false,"showSkybox":false,"showFlares":true,"showImageEffects":true,"showParticleSystems":true},"in2DMode":false,"pivot":{"x":88.99992370605469,"y":41.400001525878909,"z":247.4010009765625},"rotation":{"x":0.1111617237329483,"y":0.8454981446266174,"z":-0.19378915429115296,"w":0.48500052094459536},"size":8.73908805847168,"orthographic":false}