{"cameraMode":{"drawMode":0,"name":"Shaded","section":"Shading Mode"},"sceneLighting":false,"audioPlay":false,"sceneViewState":{"showFog":true,"showMaterialUpdate":false,"showSkybox":false,"showFlares":true,"showImageEffects":true,"showParticleSystems":true},"in2DMode":false,"pivot":{"x":88.53372192382813,"y":47.80748748779297,"z":244.52696228027345},"rotation":{"x":-0.00007411285332636908,"y":0.9991999864578247,"z":0.04018052667379379,"w":0.0018000855343416334},"size":3.814213275909424,"orthographic":false}