{"cameraMode":{"drawMode":0,"name":"Shaded","section":"Shading Mode"},"sceneLighting":false,"audioPlay":false,"sceneViewState":{"showFog":true,"showMaterialUpdate":false,"showSkybox":false,"showFlares":true,"showImageEffects":true,"showParticleSystems":true},"in2DMode":false,"pivot":{"x":89.0,"y":52.68000030517578,"z":244.8000030517578},"rotation":{"x":0.0000945288993534632,"y":0.9993676543235779,"z":0.03568365424871445,"w":-0.00269676954485476},"size":14.00808048248291,"orthographic":false}