{"cameraMode":{"drawMode":0,"name":"Shaded","section":"Shading Mode"},"sceneLighting":false,"audioPlay":false,"sceneViewState":{"showFog":true,"showMaterialUpdate":false,"showSkybox":false,"showFlares":true,"showImageEffects":true,"showParticleSystems":true},"in2DMode":false,"pivot":{"x":83.6585922241211,"y":40.786312103271487,"z":242.23284912109376},"rotation":{"x":-0.05068333446979523,"y":0.9390578269958496,"z":-0.15811216831207276,"w":-0.30101141333580019},"size":11.826995849609375,"orthographic":false}