{"cameraMode":{"drawMode":0,"name":"Shaded","section":"Shading Mode"},"sceneLighting":true,"audioPlay":false,"sceneViewState":{"showFog":true,"showMaterialUpdate":false,"showSkybox":false,"showFlares":true,"showImageEffects":true,"showParticleSystems":true},"in2DMode":false,"pivot":{"x":87.4685287475586,"y":45.44659423828125,"z":242.2390594482422},"rotation":{"x":-0.0006408816552720964,"y":0.9983988404273987,"z":-0.05577786639332771,"w":-0.011679640039801598},"size":4.705186367034912,"orthographic":false}