{"cameraMode":{"drawMode":0,"name":"Shaded","section":"Shading Mode"},"sceneLighting":false,"audioPlay":false,"sceneViewState":{"showFog":true,"showMaterialUpdate":false,"showSkybox":false,"showFlares":true,"showImageEffects":true,"showParticleSystems":true},"in2DMode":false,"pivot":{"x":-0.132568359375,"y":82.73138427734375,"z":137.2147674560547},"rotation":{"x":0.010603890754282475,"y":0.19375047087669373,"z":-0.002094545168802142,"w":0.9809942841529846},"size":29.223621368408204,"orthographic":false}