{"cameraMode":{"drawMode":0,"name":"Shaded","section":"Shading Mode"},"sceneLighting":false,"audioPlay":false,"sceneViewState":{"showFog":true,"showMaterialUpdate":false,"showSkybox":false,"showFlares":true,"showImageEffects":true,"showParticleSystems":true},"in2DMode":false,"pivot":{"x":90.79278564453125,"y":44.83496856689453,"z":245.98721313476563},"rotation":{"x":0.0011086553568020464,"y":0.9958520531654358,"z":-0.09017971158027649,"w":0.012251344509422779},"size":8.73908805847168,"orthographic":false}