{"cameraMode":{"drawMode":0,"name":"Shaded","section":"Shading Mode"},"sceneLighting":false,"audioPlay":false,"sceneViewState":{"showFog":true,"showMaterialUpdate":false,"showSkybox":false,"showFlares":true,"showImageEffects":true,"showParticleSystems":true},"in2DMode":false,"pivot":{"x":-32.362403869628909,"y":48.619163513183597,"z":-53.61641311645508},"rotation":{"x":0.05037333071231842,"y":0.1876247078180313,"z":-0.009635461494326592,"w":0.9809027910232544},"size":4.033151149749756,"orthographic":false}