{"cameraMode":{"drawMode":0,"name":"Shaded","section":"Shading Mode"},"sceneLighting":false,"audioPlay":false,"sceneViewState":{"showFog":true,"showMaterialUpdate":false,"showSkybox":false,"showFlares":true,"showImageEffects":true,"showParticleSystems":true},"in2DMode":false,"pivot":{"x":88.99992370605469,"y":41.75396728515625,"z":255.4600067138672},"rotation":{"x":0.10078846663236618,"y":-0.4566829204559326,"z":0.0521128885447979,"w":0.882459819316864},"size":3.7210166454315187,"orthographic":false}