{"cameraMode":{"drawMode":0,"name":"Shaded","section":"Shading Mode"},"sceneLighting":false,"audioPlay":false,"sceneViewState":{"showFog":true,"showMaterialUpdate":false,"showSkybox":false,"showFlares":true,"showImageEffects":true,"showParticleSystems":true},"in2DMode":false,"pivot":{"x":0.6374474763870239,"y":0.17673063278198243,"z":-0.0687398910522461},"rotation":{"x":0.22252099215984345,"y":0.23420654237270356,"z":-0.05515577271580696,"w":0.9447789788246155},"size":2.263673782348633,"orthographic":false}