{"cameraMode":{"drawMode":0,"name":"Shaded","section":"Shading Mode"},"sceneLighting":false,"audioPlay":false,"sceneViewState":{"showFog":true,"showMaterialUpdate":false,"showSkybox":false,"showFlares":true,"showImageEffects":true,"showParticleSystems":true},"in2DMode":false,"pivot":{"x":118.47937774658203,"y":44.82014846801758,"z":247.39869689941407},"rotation":{"x":0.2619212567806244,"y":0.2691071629524231,"z":-0.07630444318056107,"w":0.923673689365387},"size":10.236654281616211,"orthographic":false}