{"cameraMode":{"drawMode":0,"name":"Shaded","section":"Shading Mode"},"sceneLighting":false,"audioPlay":false,"sceneViewState":{"showFog":true,"showMaterialUpdate":false,"showSkybox":false,"showFlares":true,"showImageEffects":true,"showParticleSystems":true},"in2DMode":false,"pivot":{"x":86.2054672241211,"y":39.301719665527347,"z":243.63453674316407},"rotation":{"x":0.05079545080661774,"y":-0.9491475224494934,"z":0.21424198150634767,"w":0.22503812611103059},"size":10.267044067382813,"orthographic":false}