{"cameraMode":{"drawMode":0,"name":"Shaded","section":"Shading Mode"},"sceneLighting":false,"audioPlay":false,"sceneViewState":{"showFog":true,"showMaterialUpdate":false,"showSkybox":false,"showFlares":true,"showImageEffects":true,"showParticleSystems":true},"in2DMode":false,"pivot":{"x":89.0,"y":49.20000076293945,"z":244.80001831054688},"rotation":{"x":0.005203814245760441,"y":-0.9930156469345093,"z":0.10766461491584778,"w":0.04799633473157883},"size":22.816160202026368,"orthographic":false}