{"cameraMode":{"drawMode":0,"name":"Shaded","section":"Shading Mode"},"sceneLighting":false,"audioPlay":false,"sceneViewState":{"showFog":true,"showMaterialUpdate":false,"showSkybox":false,"showFlares":true,"showImageEffects":true,"showParticleSystems":true},"in2DMode":false,"pivot":{"x":89.0016860961914,"y":43.55028533935547,"z":244.78713989257813},"rotation":{"x":0.07529005408287049,"y":-0.8567528128623962,"z":0.13079997897148133,"w":0.4931595027446747},"size":7.800544738769531,"orthographic":false}