{"cameraMode":{"drawMode":0,"name":"Shaded","section":"Shading Mode"},"sceneLighting":false,"audioPlay":false,"sceneViewState":{"showFog":true,"showMaterialUpdate":true,"showSkybox":false,"showFlares":true,"showImageEffects":true,"showParticleSystems":true},"in2DMode":false,"pivot":{"x":87.49758911132813,"y":37.31087875366211,"z":234.043701171875},"rotation":{"x":0.009396255016326905,"y":0.9806931614875794,"z":-0.18943098187446595,"w":0.048597704619169238},"size":14.435009956359864,"orthographic":false}