{"cameraMode":{"drawMode":0,"name":"Shaded","section":"Shading Mode"},"sceneLighting":false,"audioPlay":false,"sceneViewState":{"showFog":true,"showMaterialUpdate":true,"showSkybox":false,"showFlares":true,"showImageEffects":true,"showParticleSystems":true},"in2DMode":false,"pivot":{"x":-32.45421600341797,"y":48.488067626953128,"z":-53.599998474121097},"rotation":{"x":0.0017838163767009974,"y":0.998916745185852,"z":-0.03416627272963524,"w":0.03800762817263603},"size":34.8661994934082,"orthographic":false}