{"cameraMode":{"drawMode":0,"name":"Shaded","section":"Shading Mode"},"sceneLighting":false,"audioPlay":false,"sceneViewState":{"showFog":true,"showMaterialUpdate":true,"showSkybox":false,"showFlares":true,"showImageEffects":true,"showParticleSystems":true},"in2DMode":false,"pivot":{"x":-0.10209929943084717,"y":0.035846829414367679,"z":0.08352541923522949},"rotation":{"x":-0.2604471743106842,"y":0.30122262239456179,"z":-0.0859203189611435,"w":-0.9132763743400574},"size":2.072666883468628,"orthographic":false}