{"cameraMode":{"drawMode":0,"name":"Shaded","section":"Shading Mode"},"sceneLighting":false,"audioPlay":false,"sceneViewState":{"showFog":true,"showMaterialUpdate":true,"showSkybox":false,"showFlares":true,"showImageEffects":true,"showParticleSystems":true},"in2DMode":false,"pivot":{"x":113.29900360107422,"y":41.400001525878909,"z":247.4010009765625},"rotation":{"x":-0.2604471743106842,"y":0.30122262239456179,"z":-0.0859203189611435,"w":-0.9132763743400574},"size":3.464101552963257,"orthographic":false}