{"cameraMode":{"drawMode":0,"name":"Shaded","section":"Shading Mode"},"sceneLighting":false,"audioPlay":false,"sceneViewState":{"showFog":true,"showMaterialUpdate":true,"showSkybox":false,"showFlares":true,"showImageEffects":true,"showParticleSystems":true},"in2DMode":false,"pivot":{"x":110.41472625732422,"y":38.95850372314453,"z":254.41744995117188},"rotation":{"x":-0.20072855055332185,"y":0.08129659295082092,"z":-0.016733521595597268,"w":-0.976137638092041},"size":6.577520847320557,"orthographic":false}