{"cameraMode":{"drawMode":0,"name":"Shaded","section":"Shading Mode"},"sceneLighting":true,"audioPlay":false,"sceneViewState":{"showFog":true,"showMaterialUpdate":true,"showSkybox":true,"showFlares":true,"showImageEffects":true,"showParticleSystems":true},"in2DMode":false,"pivot":{"x":88.99992370605469,"y":41.400001525878909,"z":247.4010009765625},"rotation":{"x":-0.2604471743106842,"y":0.30122262239456179,"z":-0.0859203189611435,"w":-0.9132763743400574},"size":18.447521209716798,"orthographic":false}