{"cameraMode":{"drawMode":0,"name":"Shaded","section":"Shading Mode"},"sceneLighting":true,"audioPlay":false,"sceneViewState":{"showFog":true,"showMaterialUpdate":true,"showSkybox":true,"showFlares":true,"showImageEffects":true,"showParticleSystems":true},"in2DMode":false,"pivot":{"x":456.666259765625,"y":-283.9625244140625,"z":282.6968078613281},"rotation":{"x":-0.2753342390060425,"y":-0.6577197909355164,"z":0.2815321087837219,"w":-0.6422851085662842},"size":401.6539001464844,"orthographic":false}