{"cameraMode":{"drawMode":0,"name":"Shaded","section":"Shading Mode"},"sceneLighting":false,"audioPlay":false,"sceneViewState":{"showFog":true,"showMaterialUpdate":true,"showSkybox":false,"showFlares":true,"showImageEffects":true,"showParticleSystems":true},"in2DMode":false,"pivot":{"x":-31.403728485107423,"y":98.13043975830078,"z":-56.563392639160159},"rotation":{"x":-0.09860848635435105,"y":0.7869633436203003,"z":-0.13104750216007234,"w":-0.595185399055481},"size":5.446046829223633,"orthographic":false}