{"cameraMode":{"drawMode":0,"name":"Shaded","section":"Shading Mode"},"sceneLighting":false,"audioPlay":false,"sceneViewState":{"showFog":true,"showMaterialUpdate":true,"showSkybox":false,"showFlares":true,"showImageEffects":true,"showParticleSystems":true},"in2DMode":false,"pivot":{"x":89.87866973876953,"y":39.895896911621097,"z":233.5470428466797},"rotation":{"x":0.029501115903258325,"y":0.9705082774162293,"z":-0.16490688920021058,"w":0.17361244559288026},"size":9.97275161743164,"orthographic":false}