{"cameraMode":{"drawMode":0,"name":"Shaded","section":"Shading Mode"},"sceneLighting":false,"audioPlay":false,"sceneViewState":{"showFog":true,"showMaterialUpdate":true,"showSkybox":false,"showFlares":true,"showImageEffects":true,"showParticleSystems":true},"in2DMode":false,"pivot":{"x":73.46503448486328,"y":39.560245513916019,"z":241.19232177734376},"rotation":{"x":0.07897552847862244,"y":0.8875656723976135,"z":-0.16592992842197419,"w":0.4225209951400757},"size":8.701399803161621,"orthographic":false}