{"cameraMode":{"drawMode":0,"name":"Shaded","section":"Shading Mode"},"sceneLighting":false,"audioPlay":false,"sceneViewState":{"showFog":true,"showMaterialUpdate":true,"showSkybox":false,"showFlares":true,"showImageEffects":true,"showParticleSystems":true},"in2DMode":false,"pivot":{"x":-24.058975219726564,"y":74.16876983642578,"z":113.27352142333985},"rotation":{"x":-0.012558589689433575,"y":-0.9870849847793579,"z":0.09834958612918854,"w":-0.12592913210391999},"size":10.324191093444825,"orthographic":false}