{"cameraMode":{"drawMode":0,"name":"Shaded","section":"Shading Mode"},"sceneLighting":false,"audioPlay":false,"sceneViewState":{"showFog":true,"showMaterialUpdate":true,"showSkybox":false,"showFlares":true,"showImageEffects":true,"showParticleSystems":true},"in2DMode":false,"pivot":{"x":0.6392074227333069,"y":8.642512321472168,"z":-18.472579956054689},"rotation":{"x":0.3339402675628662,"y":0.2544887661933899,"z":-0.09415457397699356,"w":0.9027435779571533},"size":1.054867148399353,"orthographic":false}