{"cameraMode":{"drawMode":0,"name":"Shaded","section":"Shading Mode"},"sceneLighting":true,"audioPlay":false,"sceneViewState":{"showFog":true,"showMaterialUpdate":true,"showSkybox":true,"showFlares":true,"showImageEffects":true,"showParticleSystems":true},"in2DMode":false,"pivot":{"x":-4.651966571807861,"y":6.293065547943115,"z":-20.41702651977539},"rotation":{"x":0.07893054932355881,"y":-0.9055193066596985,"z":0.1942337453365326,"w":0.36912691593170168},"size":4.068526744842529,"orthographic":false}