{"cameraMode":{"drawMode":0,"name":"Shaded","section":"Shading Mode"},"sceneLighting":true,"audioPlay":false,"sceneViewState":{"showFog":true,"showMaterialUpdate":true,"showSkybox":true,"showFlares":true,"showImageEffects":true,"showParticleSystems":true},"in2DMode":false,"pivot":{"x":0.4164101481437683,"y":0.8217258453369141,"z":-3.859405517578125},"rotation":{"x":-0.0016642948612570763,"y":0.9935713410377502,"z":-0.11256245523691178,"w":-0.014608052559196949},"size":1.0598031282424927,"orthographic":false}