{"cameraMode":{"drawMode":0,"name":"Shaded","section":"Shading Mode"},"sceneLighting":true,"audioPlay":false,"sceneViewState":{"showFog":true,"showMaterialUpdate":true,"showSkybox":true,"showFlares":true,"showImageEffects":true,"showParticleSystems":true},"in2DMode":false,"pivot":{"x":88.99992370605469,"y":41.400001525878909,"z":247.4010009765625},"rotation":{"x":-0.07739564776420593,"y":0.3516251742839813,"z":-0.029184769839048387,"w":-0.9324825406074524},"size":18.14387321472168,"orthographic":false}