{"cameraMode":{"drawMode":0,"name":"Shaded","section":"Shading Mode"},"sceneLighting":false,"audioPlay":false,"sceneViewState":{"showFog":true,"showMaterialUpdate":true,"showSkybox":false,"showFlares":true,"showImageEffects":true,"showParticleSystems":true},"in2DMode":false,"pivot":{"x":0.16382113099098206,"y":1.1254373788833619,"z":0.24003589153289796},"rotation":{"x":0.001589569030329585,"y":-0.8005772233009338,"z":-0.0021731883753091099,"w":-0.599281370639801},"size":0.7192384600639343,"orthographic":false}