{"cameraMode":{"drawMode":0,"name":"Shaded","section":"Shading Mode"},"sceneLighting":false,"audioPlay":false,"sceneViewState":{"showFog":true,"showMaterialUpdate":true,"showSkybox":false,"showFlares":true,"showImageEffects":true,"showParticleSystems":true},"in2DMode":false,"pivot":{"x":-19.466777801513673,"y":78.11412048339844,"z":114.01415252685547},"rotation":{"x":-0.027601171284914018,"y":-0.9432427883148193,"z":0.08113870024681092,"w":-0.32086557149887087},"size":21.4606990814209,"orthographic":false}