{"cameraMode":{"drawMode":0,"name":"Shaded","section":"Shading Mode"},"sceneLighting":false,"audioPlay":false,"sceneViewState":{"showFog":true,"showMaterialUpdate":true,"showSkybox":false,"showFlares":true,"showImageEffects":true,"showParticleSystems":true},"in2DMode":false,"pivot":{"x":89.62852478027344,"y":35.928672790527347,"z":227.10232543945313},"rotation":{"x":0.03892039135098457,"y":0.9591189622879028,"z":-0.22741763293743134,"w":0.1641625463962555},"size":12.884442329406739,"orthographic":false}