{"cameraMode":{"drawMode":0,"name":"Shaded","section":"Shading Mode"},"sceneLighting":true,"audioPlay":false,"sceneViewState":{"showFog":true,"showMaterialUpdate":true,"showSkybox":true,"showFlares":true,"showImageEffects":true,"showParticleSystems":true},"in2DMode":false,"pivot":{"x":102.11145782470703,"y":36.01456069946289,"z":255.38937377929688},"rotation":{"x":0.1092715859413147,"y":0.07596452534198761,"z":-0.008385632187128067,"w":0.9911020398139954},"size":21.717409133911134,"orthographic":false}