{"cameraMode":{"drawMode":0,"name":"Shaded","section":"Shading Mode"},"sceneLighting":true,"audioPlay":false,"sceneViewState":{"showFog":true,"showMaterialUpdate":true,"showSkybox":true,"showFlares":true,"showImageEffects":true,"showParticleSystems":true},"in2DMode":false,"pivot":{"x":11.68618106842041,"y":0.054790496826171878,"z":-16.845928192138673},"rotation":{"x":0.17733442783355714,"y":0.6912229061126709,"z":-0.18104279041290284,"w":0.6768150925636292},"size":11.746368408203125,"orthographic":false}