{"cameraMode":{"drawMode":0,"name":"Shaded","section":"Shading Mode"},"sceneLighting":true,"audioPlay":false,"sceneViewState":{"showFog":true,"showMaterialUpdate":true,"showSkybox":true,"showFlares":true,"showImageEffects":true,"showParticleSystems":true},"in2DMode":false,"pivot":{"x":31.016414642333986,"y":47.004573822021487,"z":135.09181213378907},"rotation":{"x":0.10617414861917496,"y":0.7026241421699524,"z":-0.10690100491046906,"w":0.6957588195800781},"size":4.0331573486328129,"orthographic":false}