{"cameraMode":{"drawMode":0,"name":"Shaded","section":"Shading Mode"},"sceneLighting":false,"audioPlay":false,"sceneViewState":{"showFog":true,"showMaterialUpdate":true,"showSkybox":false,"showFlares":true,"showImageEffects":true,"showParticleSystems":true},"in2DMode":false,"pivot":{"x":-31.40667724609375,"y":48.558372497558597,"z":-56.692352294921878},"rotation":{"x":-0.04426352679729462,"y":-0.9433943033218384,"z":0.29921090602874758,"w":-0.13772308826446534},"size":121.34489440917969,"orthographic":false}