{"cameraMode":{"drawMode":0,"name":"Shaded","section":"Shading Mode"},"sceneLighting":true,"audioPlay":false,"sceneViewState":{"showFog":true,"showMaterialUpdate":true,"showSkybox":true,"showFlares":true,"showImageEffects":true,"showParticleSystems":true},"in2DMode":false,"pivot":{"x":233.0332794189453,"y":62.71736145019531,"z":282.23345947265627},"rotation":{"x":0.12103825062513352,"y":-0.08773576468229294,"z":0.01072903536260128,"w":0.9887373447418213},"size":21.97796058654785,"orthographic":false}