{"cameraMode":{"drawMode":0,"name":"Shaded","section":"Shading Mode"},"sceneLighting":false,"audioPlay":false,"sceneViewState":{"showFog":true,"showMaterialUpdate":true,"showSkybox":false,"showFlares":true,"showImageEffects":true,"showParticleSystems":true},"in2DMode":false,"pivot":{"x":88.99992370605469,"y":41.400001525878909,"z":255.4600067138672},"rotation":{"x":-0.2604471743106842,"y":0.30122262239456179,"z":-0.0859203189611435,"w":-0.9132763743400574},"size":3.4641103744506838,"orthographic":false}