{"cameraMode":{"drawMode":0,"name":"Shaded","section":"Shading Mode"},"sceneLighting":false,"audioPlay":false,"sceneViewState":{"showFog":true,"showMaterialUpdate":true,"showSkybox":false,"showFlares":true,"showImageEffects":true,"showParticleSystems":true},"in2DMode":false,"pivot":{"x":-32.4779052734375,"y":48.542110443115237,"z":-53.60818862915039},"rotation":{"x":-0.04426352679729462,"y":-0.9433943033218384,"z":0.29921090602874758,"w":-0.13772308826446534},"size":6.584909915924072,"orthographic":false}