{"cameraMode":{"drawMode":0,"name":"Shaded","section":"Shading Mode"},"sceneLighting":false,"audioPlay":false,"sceneViewState":{"showFog":true,"showMaterialUpdate":true,"showSkybox":false,"showFlares":true,"showImageEffects":true,"showParticleSystems":true},"in2DMode":false,"pivot":{"x":-32.4779052734375,"y":48.542110443115237,"z":-53.60818862915039},"rotation":{"x":0.0017838163767009974,"y":0.998916745185852,"z":-0.03416627272963524,"w":0.03800762817263603},"size":6.584909915924072,"orthographic":false}