{"cameraMode":{"drawMode":0,"name":"Shaded","section":"Shading Mode"},"sceneLighting":true,"audioPlay":false,"sceneViewState":{"showFog":true,"showMaterialUpdate":true,"showSkybox":true,"showFlares":true,"showImageEffects":true,"showParticleSystems":true},"in2DMode":false,"pivot":{"x":256.02288818359377,"y":240.2122039794922,"z":163.00070190429688},"rotation":{"x":0.08183696120977402,"y":0.5005172491073608,"z":-0.04759926721453667,"w":0.8605871200561523},"size":148.69430541992188,"orthographic":false}