{"cameraMode":{"drawMode":0,"name":"Shaded","section":"Shading Mode"},"sceneLighting":false,"audioPlay":false,"sceneViewState":{"showFog":true,"showMaterialUpdate":true,"showSkybox":false,"showFlares":true,"showImageEffects":true,"showParticleSystems":true},"in2DMode":false,"pivot":{"x":89.04100036621094,"y":42.094966888427737,"z":253.94247436523438},"rotation":{"x":-0.03580672666430473,"y":-0.7341544032096863,"z":0.0387856662273407,"w":-0.6769585609436035},"size":3.781259775161743,"orthographic":true}