{"cameraMode":{"drawMode":0,"name":"Shaded","section":"Shading Mode"},"sceneLighting":true,"audioPlay":false,"sceneViewState":{"showFog":true,"showMaterialUpdate":true,"showSkybox":true,"showFlares":true,"showImageEffects":true,"showParticleSystems":true},"in2DMode":false,"pivot":{"x":-32.61030578613281,"y":102.3561019897461,"z":-53.653961181640628},"rotation":{"x":-0.04384106025099754,"y":-0.9417294859886169,"z":0.30648913979530337,"w":-0.133173406124115},"size":5.233469009399414,"orthographic":false}